{ "_links" : { "self" : "http://api.football-data.org/alpha/soccerseasons/354/leagueTable/?matchday=27",
      "soccerseason" : "http://api.football-data.org/alpha/soccerseasons/354"
    },
  "leagueCaption" : "Premier League 2014/15",
  "matchday" : 27,
  "standing" : [ { "_links" : { "team" : { "href" : "http://api.football-data.org/alpha/teams/61" } },
        "goalDifference" : 34,
        "goals" : 56,
        "goalsAgainst" : 22,
        "playedGames" : 26,
        "points" : 60,
        "position" : 1,
        "teamName" : "Chelsea"
      },
      { "_links" : { "team" : { "href" : "http://api.football-data.org/alpha/teams/65" } },
        "goalDifference" : 30,
        "goals" : 57,
        "goalsAgainst" : 27,
        "playedGames" : 27,
        "points" : 55,
        "position" : 2,
        "teamName" : "Manchester City"
      },
      { "_links" : { "team" : { "href" : "http://api.football-data.org/alpha/teams/57" } },
        "goalDifference" : 22,
        "goals" : 51,
        "goalsAgainst" : 29,
        "playedGames" : 27,
        "points" : 51,
        "position" : 3,
        "teamName" : "Arsenal"
      },
      { "_links" : { "team" : { "href" : "http://api.football-data.org/alpha/teams/66" } },
        "goalDifference" : 20,
        "goals" : 46,
        "goalsAgainst" : 26,
        "playedGames" : 27,
        "points" : 50,
        "position" : 4,
        "teamName" : "Manchester United"
      },
      { "_links" : { "team" : { "href" : "http://api.football-data.org/alpha/teams/64" } },
        "goalDifference" : 10,
        "goals" : 40,
        "goalsAgainst" : 30,
        "playedGames" : 27,
        "points" : 48,
        "position" : 5,
        "teamName" : "Liverpool"
      },
      { "_links" : { "team" : { "href" : "http://api.football-data.org/alpha/teams/73" } },
        "goalDifference" : 6,
        "goals" : 43,
        "goalsAgainst" : 37,
        "playedGames" : 27,
        "points" : 47,
        "position" : 6,
        "teamName" : "Tottenham Hotspur"
      },
      { "_links" : { "team" : { "href" : "http://api.football-data.org/alpha/teams/340" } },
        "goalDifference" : 18,
        "goals" : 38,
        "goalsAgainst" : 20,
        "playedGames" : 27,
        "points" : 46,
        "position" : 7,
        "teamName" : "Southampton"
      },
      { "_links" : { "team" : { "href" : "http://api.football-data.org/alpha/teams/72" } },
        "goalDifference" : -3,
        "goals" : 31,
        "goalsAgainst" : 34,
        "playedGames" : 27,
        "points" : 40,
        "position" : 8,
        "teamName" : "Swansea City"
      },
      { "_links" : { "team" : { "href" : "http://api.football-data.org/alpha/teams/563" } },
        "goalDifference" : 6,
        "goals" : 39,
        "goalsAgainst" : 33,
        "playedGames" : 27,
        "points" : 39,
        "position" : 9,
        "teamName" : "West Ham United"
      },
      { "_links" : { "team" : { "href" : "http://api.football-data.org/alpha/teams/70" } },
        "goalDifference" : -3,
        "goals" : 31,
        "goalsAgainst" : 34,
        "playedGames" : 27,
        "points" : 39,
        "position" : 10,
        "teamName" : "Stoke City"
      },
      { "_links" : { "team" : { "href" : "http://api.football-data.org/alpha/teams/67" } },
        "goalDifference" : -10,
        "goals" : 32,
        "goalsAgainst" : 42,
        "playedGames" : 27,
        "points" : 35,
        "position" : 11,
        "teamName" : "Newcastle United"
      },
      { "_links" : { "team" : { "href" : "http://api.football-data.org/alpha/teams/354" } },
        "goalDifference" : -7,
        "goals" : 31,
        "goalsAgainst" : 38,
        "playedGames" : 27,
        "points" : 30,
        "position" : 12,
        "teamName" : "Crystal Palace"
      },
      { "_links" : { "team" : { "href" : "http://api.football-data.org/alpha/teams/74" } },
        "goalDifference" : -9,
        "goals" : 25,
        "goalsAgainst" : 34,
        "playedGames" : 27,
        "points" : 30,
        "position" : 13,
        "teamName" : "West Bromwich Albion"
      },
      { "_links" : { "team" : { "href" : "http://api.football-data.org/alpha/teams/62" } },
        "goalDifference" : -6,
        "goals" : 33,
        "goalsAgainst" : 39,
        "playedGames" : 27,
        "points" : 28,
        "position" : 14,
        "teamName" : "Everton"
      },
      { "_links" : { "team" : { "href" : "http://api.football-data.org/alpha/teams/322" } },
        "goalDifference" : -11,
        "goals" : 25,
        "goalsAgainst" : 36,
        "playedGames" : 27,
        "points" : 26,
        "position" : 15,
        "teamName" : "Hull City"
      },
      { "_links" : { "team" : { "href" : "http://api.football-data.org/alpha/teams/71" } },
        "goalDifference" : -16,
        "goals" : 22,
        "goalsAgainst" : 38,
        "playedGames" : 27,
        "points" : 25,
        "position" : 16,
        "teamName" : "Sunderland"
      },
      { "_links" : { "team" : { "href" : "http://api.football-data.org/alpha/teams/69" } },
        "goalDifference" : -19,
        "goals" : 28,
        "goalsAgainst" : 47,
        "playedGames" : 27,
        "points" : 22,
        "position" : 17,
        "teamName" : "Queens Park Rangers"
      },
      { "_links" : { "team" : { "href" : "http://api.football-data.org/alpha/teams/328" } },
        "goalDifference" : -20,
        "goals" : 25,
        "goalsAgainst" : 45,
        "playedGames" : 27,
        "points" : 22,
        "position" : 18,
        "teamName" : "FC Burnley"
      },
      { "_links" : { "team" : { "href" : "http://api.football-data.org/alpha/teams/58" } },
        "goalDifference" : -24,
        "goals" : 13,
        "goalsAgainst" : 37,
        "playedGames" : 27,
        "points" : 22,
        "position" : 19,
        "teamName" : "Aston Villa"
      },
      { "_links" : { "team" : { "href" : "http://api.football-data.org/alpha/teams/338" } },
        "goalDifference" : -18,
        "goals" : 24,
        "goalsAgainst" : 42,
        "playedGames" : 26,
        "points" : 18,
        "position" : 20,
        "teamName" : "Leicester City"
      }
    ]
}